[
    {"model": "users.user", "pk": 3, "fields": {"username": "vendorjoe", "email": "vendorjoe@example.com", "password": "pbkdf2_sha256$1000000$SbVudjO5VOWSJ4Cm7HFbf1$ras18i3xOn6k6BwrXEwAz/hWH08zqT2o/7YIw+w+Opo=", "role": "vendor"}},
    {"model": "users.user", "pk": 4, "fields": {"username": "emmanuel_abu", "email": "emmanuel_abu@example.com", "password": "pbkdf2_sha256$1000000$SbVudjO5VOWSJ4Cm7HFbf1$ras18i3xOn6k6BwrXEwAz/hWH08zqT2o/7YIw+w+Opo=", "role": "reviewer"}},
    {"model": "users.user", "pk": 5, "fields": {"username": "alo_jeremiah", "email": "alo_jeremiah@example.com", "password": "pbkdf2_sha256$1000000$SbVudjO5VOWSJ4Cm7HFbf1$ras18i3xOn6k6BwrXEwAz/hWH08zqT2o/7YIw+w+Opo=", "role": "reviewer"}},
    {"model": "users.user", "pk": 6, "fields": {"username": "sarah_chen", "email": "sarah_chen@example.com", "password": "pbkdf2_sha256$1000000$SbVudjO5VOWSJ4Cm7HFbf1$ras18i3xOn6k6BwrXEwAz/hWH08zqT2o/7YIw+w+Opo=", "role": "reviewer"}},
    {"model": "users.user", "pk": 7, "fields": {"username": "mike_wong", "email": "mike_wong@example.com", "password": "pbkdf2_sha256$1000000$SbVudjO5VOWSJ4Cm7HFbf1$ras18i3xOn6k6BwrXEwAz/hWH08zqT2o/7YIw+w+Opo=", "role": "reviewer"}},
    {"model": "users.user", "pk": 8, "fields": {"username": "linda_tan", "email": "linda_tan@example.com", "password": "pbkdf2_sha256$1000000$SbVudjO5VOWSJ4Cm7HFbf1$ras18i3xOn6k6BwrXEwAz/hWH08zqT2o/7YIw+w+Opo=", "role": "reviewer"}},
    {"model": "users.user", "pk": 9, "fields": {"username": "james_lim", "email": "james_lim@example.com", "password": "pbkdf2_sha256$1000000$SbVudjO5VOWSJ4Cm7HFbf1$ras18i3xOn6k6BwrXEwAz/hWH08zqT2o/7YIw+w+Opo=", "role": "reviewer"}},
    {"model": "users.user", "pk": 10, "fields": {"username": "rachel_lee", "email": "rachel_lee@example.com", "password": "pbkdf2_sha256$1000000$SbVudjO5VOWSJ4Cm7HFbf1$ras18i3xOn6k6BwrXEwAz/hWH08zqT2o/7YIw+w+Opo=", "role": "reviewer"}},
    {"model": "users.user", "pk": 11, "fields": {"username": "david_kumar", "email": "david_kumar@example.com", "password": "pbkdf2_sha256$1000000$SbVudjO5VOWSJ4Cm7HFbf1$ras18i3xOn6k6BwrXEwAz/hWH08zqT2o/7YIw+w+Opo=", "role": "reviewer"}},
    {"model": "users.user", "pk": 12, "fields": {"username": "amy_ng", "email": "amy_ng@example.com", "password": "pbkdf2_sha256$1000000$SbVudjO5VOWSJ4Cm7HFbf1$ras18i3xOn6k6BwrXEwAz/hWH08zqT2o/7YIw+w+Opo=", "role": "reviewer"}},
    {"model": "users.user", "pk": 13, "fields": {"username": "kevin_tan", "email": "kevin_tan@example.com", "password": "pbkdf2_sha256$1000000$SbVudjO5VOWSJ4Cm7HFbf1$ras18i3xOn6k6BwrXEwAz/hWH08zqT2o/7YIw+w+Opo=", "role": "reviewer"}},
    {"model": "users.user", "pk": 14, "fields": {"username": "michelle_goh", "email": "michelle_goh@example.com", "password": "pbkdf2_sha256$1000000$SbVudjO5VOWSJ4Cm7HFbf1$ras18i3xOn6k6BwrXEwAz/hWH08zqT2o/7YIw+w+Opo=", "role": "reviewer"}},
    {"model": "users.user", "pk": 15, "fields": {"username": "ben_liu", "email": "ben_liu@example.com", "password": "pbkdf2_sha256$1000000$SbVudjO5VOWSJ4Cm7HFbf1$ras18i3xOn6k6BwrXEwAz/hWH08zqT2o/7YIw+w+Opo=", "role": "reviewer"}},

    {"model": "users.vendor", "pk": 2, "fields": {"company_name": "Joe's Food Empire", "vendor_uen": "UEN123456789", "vendor_status": true, "user": 3}},

    {"model": "users.reviewer", "pk": 2, "fields": {"user": 4}},
    {"model": "users.reviewer", "pk": 3, "fields": {"user": 5}},
    {"model": "users.reviewer", "pk": 4, "fields": {"user": 6}},
    {"model": "users.reviewer", "pk": 5, "fields": {"user": 7}},
    {"model": "users.reviewer", "pk": 6, "fields": {"user": 8}},
    {"model": "users.reviewer", "pk": 7, "fields": {"user": 9}},
    {"model": "users.reviewer", "pk": 8, "fields": {"user": 10}},
    {"model": "users.reviewer", "pk": 9, "fields": {"user": 11}},
    {"model": "users.reviewer", "pk": 10, "fields": {"user": 12}},
    {"model": "users.reviewer", "pk": 11, "fields": {"user": 13}},
    {"model": "users.reviewer", "pk": 12, "fields": {"user": 14}},
    {"model": "users.reviewer", "pk": 13, "fields": {"user": 15}},

    {"model": "shops.shop", "pk": 26, "fields": {"shop_name": "Hawker Delights", "shop_image": "category/chinese.jpg", "shop_description": "Authentic local hawker delights", "vendor": 2, "region": 1, "claim_status": true}},
    {"model": "shops.shop", "pk": 27, "fields": {"shop_name": "Spice Paradise", "shop_image": "category/indian.jpg", "shop_description": "Authentic Indian spices and flavors", "vendor": 2, "region": 2, "claim_status": true}},
    {"model": "shops.shop", "pk": 28, "fields": {"shop_name": "Noodle House", "shop_image": "category/chinese.jpg", "shop_description": "Fresh noodles and soups", "vendor": 2, "region": 3, "claim_status": true}},

    {"model": "shops.shopcategory", "fields": {"category": 1, "shop": 26}},
    {"model": "shops.shopcategory", "fields": {"category": 5, "shop": 27}},
    {"model": "shops.shopcategory", "fields": {"category": 1, "shop": 28}},

    {"model": "shops.review", "pk": 1, "fields": {"rating": 4, "description": "A top Quality product. I got exactly what i ordered for.", "reviewer": 2, "shop": 26, "created_at": "2025-06-07T23:33:00Z"}},
    {"model": "shops.review", "pk": 2, "fields": {"rating": 5, "description": "I was able to use the coupon without any hitches. Their service is also the best, I got my food within very few minutes.", "reviewer": 3, "shop": 27, "created_at": "2025-06-07T23:33:00Z"}},
    {"model": "shops.review", "pk": 3, "fields": {"rating": 4, "description": "Good service, food was fresh and tasty. Delivery was prompt and the packaging was excellent.", "reviewer": 4, "shop": 28, "created_at": "2025-06-06T09:15:00Z"}},
    {"model": "shops.review", "pk": 4, "fields": {"rating": 3, "description": "Decent food but could improve on waiting time. The taste was okay but service was slow.", "reviewer": 5, "shop": 26, "created_at": "2025-06-05T14:45:00Z"}},
    {"model": "shops.review", "pk": 5, "fields": {"rating": 5, "description": "Outstanding Indian cuisine! The spices were perfectly balanced and the naan bread was fresh. Will definitely order again.", "reviewer": 6, "shop": 27, "created_at": "2025-06-05T19:20:00Z"}},
    {"model": "shops.review", "pk": 6, "fields": {"rating": 2, "description": "Food was cold when it arrived and the portion size was smaller than expected. Not worth the price.", "reviewer": 7, "shop": 28, "created_at": "2025-06-04T12:30:00Z"}},
    {"model": "shops.review", "pk": 7, "fields": {"rating": 5, "description": "Amazing local flavors! The char kway teow was authentic and delicious. Fast delivery too.", "reviewer": 8, "shop": 26, "created_at": "2025-06-04T18:45:00Z"}},
    {"model": "shops.review", "pk": 8, "fields": {"rating": 1, "description": "Terrible experience. Food was burnt and inedible. Customer service was unhelpful when I complained.", "reviewer": 9, "shop": 27, "created_at": "2025-06-03T20:15:00Z"}},
    {"model": "shops.review", "pk": 9, "fields": {"rating": 4, "description": "Great wonton noodles! The soup was flavorful and the wontons were fresh. Reasonable pricing too.", "reviewer": 10, "shop": 28, "created_at": "2025-06-03T13:20:00Z"}},
    {"model": "shops.review", "pk": 10, "fields": {"rating": 3, "description": "Food quality is inconsistent. Sometimes it's great, sometimes it's just average. Hit or miss.", "reviewer": 11, "shop": 26, "created_at": "2025-06-02T17:30:00Z"}},
    {"model": "shops.review", "pk": 11, "fields": {"rating": 5, "description": "Best butter chicken in town! Creamy, rich, and perfectly spiced. The garlic naan was also excellent.", "reviewer": 12, "shop": 27, "created_at": "2025-06-02T19:45:00Z"}},
    {"model": "shops.review", "pk": 12, "fields": {"rating": 2, "description": "Disappointing. The noodles were overcooked and mushy. The broth lacked flavor and seemed watered down.", "reviewer": 13, "shop": 28, "created_at": "2025-06-01T12:15:00Z"}},

    {"model": "shops.reply", "pk": 1, "fields": {"vendor": 2, "review": 2, "reply_description": "Thank you for your wonderful feedback! We're delighted to hear you enjoyed our service and the coupon worked smoothly. We look forward to serving you again soon!", "reply_date": "2025-06-08T10:15:00Z"}},
    {"model": "shops.reply", "pk": 2, "fields": {"vendor": 2, "review": 5, "reply_description": "We're thrilled you loved our Indian cuisine! Your compliments about the spice balance and fresh naan bread mean a lot to our kitchen team. Thank you for choosing us!", "reply_date": "2025-06-06T08:30:00Z"}},
    {"model": "shops.reply", "pk": 3, "fields": {"vendor": 2, "review": 7, "reply_description": "Thank you for the amazing review! We take great pride in our authentic char kway teow and are pleased you enjoyed the flavors. Fast delivery is important to us too!", "reply_date": "2025-06-05T09:20:00Z"}},
    {"model": "shops.reply", "pk": 4, "fields": {"vendor": 2, "review": 11, "reply_description": "We're honored to be called the best butter chicken in town! Our chefs put their heart into every dish. Thank you for the wonderful feedback about both the curry and naan!", "reply_date": "2025-06-03T11:45:00Z"}}
]